Country Name,Country Code,Series Name,Series Code,Version Name,Version Code,1960 [YR1960],1970 [YR1970]
Afghanistan,AFG,GDP per capita (constant 2010 US$),NY.GDP.PCAP.KD,2016 Jun,201606,..,..
Albania,ALB,GDP per capita (constant 2010 US$),NY.GDP.PCAP.KD,2016 Jun,201606,..,..
Algeria,DZA,GDP per capita (constant 2010 US$),NY.GDP.PCAP.KD,2016 Jun,201606,1789.84810494611,1953.70828634114
American Samoa,ASM,GDP per capita (constant 2010 US$),NY.GDP.PCAP.KD,2016 Jun,201606,..,..
Andorra,AND,GDP per capita (constant 2010 US$),NY.GDP.PCAP.KD,2016 Jun,201606,..,35617.53592343
Angola,AGO,GDP per capita (constant 2010 US$),NY.GDP.PCAP.KD,2016 Jun,201606,..,..
Antigua and Barbuda,ATG,GDP per capita (constant 2010 US$),NY.GDP.PCAP.KD,2016 Jun,201606,..,..
Argentina,ARG,GDP per capita (constant 2010 US$),NY.GDP.PCAP.KD,2016 Jun,201606,3698.15576959207,4655.91906962943
Armenia,ARM,GDP per capita (constant 2010 US$),NY.GDP.PCAP.KD,2016 Jun,201606,..,..
Aruba,ABW,GDP per capita (constant 2010 US$),NY.GDP.PCAP.KD,2016 Jun,201606,..,..
Australia,AUS,GDP per capita (constant 2010 US$),NY.GDP.PCAP.KD,2016 Jun,201606,13479.859543484,18167.9155428643
Austria,AUT,GDP per capita (constant 2010 US$),NY.GDP.PCAP.KD,2016 Jun,201606,11253.2807186708,16780.2816634792
Azerbaijan,AZE,GDP per capita (constant 2010 US$),NY.GDP.PCAP.KD,2016 Jun,201606,..,..
"Bahamas, The",BHS,GDP per capita (constant 2010 US$),NY.GDP.PCAP.KD,2016 Jun,201606,13380.8902027813,19011.5764010454
Bahrain,BHR,GDP per capita (constant 2010 US$),NY.GDP.PCAP.KD,2016 Jun,201606,..,..
Bangladesh,BGD,GDP per capita (constant 2010 US$),NY.GDP.PCAP.KD,2016 Jun,201606,299.726685668005,328.388618854703
Barbados,BRB,GDP per capita (constant 2010 US$),NY.GDP.PCAP.KD,2016 Jun,201606,..,..
Belarus,BLR,GDP per capita (constant 2010 US$),NY.GDP.PCAP.KD,2016 Jun,201606,..,..
Belgium,BEL,GDP per capita (constant 2010 US$),NY.GDP.PCAP.KD,2016 Jun,201606,11304.7257880609,17257.0274796407
Belize,BLZ,GDP per capita (constant 2010 US$),NY.GDP.PCAP.KD,2016 Jun,201606,971.442723775149,1210.82650258664
Benin,BEN,GDP per capita (constant 2010 US$),NY.GDP.PCAP.KD,2016 Jun,201606,433.046873207288,484.426389606814
Bermuda,BMU,GDP per capita (constant 2010 US$),NY.GDP.PCAP.KD,2016 Jun,201606,24110.0321544658,36422.6532604847
Bhutan,BTN,GDP per capita (constant 2010 US$),NY.GDP.PCAP.KD,2016 Jun,201606,..,..
Bolivia,BOL,GDP per capita (constant 2010 US$),NY.GDP.PCAP.KD,2016 Jun,201606,793.716965439588,847.285641564614
Bosnia and Herzegovina,BIH,GDP per capita (constant 2010 US$),NY.GDP.PCAP.KD,2016 Jun,201606,..,..
Botswana,BWA,GDP per capita (constant 2010 US$),NY.GDP.PCAP.KD,2016 Jun,201606,379.754767741231,654.9526613723
Brazil,BRA,GDP per capita (constant 2010 US$),NY.GDP.PCAP.KD,2016 Jun,201606,1709.35420377984,2341.93871368026
British Virgin Islands,VGB,GDP per capita (constant 2010 US$),NY.GDP.PCAP.KD,2016 Jun,201606,..,..
Brunei,BRN,GDP per capita (constant 2010 US$),NY.GDP.PCAP.KD,2016 Jun,201606,..,..
Bulgaria,BGR,GDP per capita (constant 2010 US$),NY.GDP.PCAP.KD,2016 Jun,201606,..,..
Burkina Faso,BFA,GDP per capita (constant 2010 US$),NY.GDP.PCAP.KD,2016 Jun,201606,189.882061605533,217.290434303849
Burundi,BDI,GDP per capita (constant 2010 US$),NY.GDP.PCAP.KD,2016 Jun,201606,147.006226186552,182.043371332651
Cambodia,KHM,GDP per capita (constant 2010 US$),NY.GDP.PCAP.KD,2016 Jun,201606,..,..
Cameroon,CMR,GDP per capita (constant 2010 US$),NY.GDP.PCAP.KD,2016 Jun,201606,704.767659581743,683.505343118987
Canada,CAN,GDP per capita (constant 2010 US$),NY.GDP.PCAP.KD,2016 Jun,201606,13570.6964096711,18798.453982651
Cape Verde,CPV,GDP per capita (constant 2010 US$),NY.GDP.PCAP.KD,2016 Jun,201606,..,..
Caribbean small states,CSS,GDP per capita (constant 2010 US$),NY.GDP.PCAP.KD,2016 Jun,201606,..,4497.87775164272
Cayman Islands,CYM,GDP per capita (constant 2010 US$),NY.GDP.PCAP.KD,2016 Jun,201606,..,..
Central African Republic,CAF,GDP per capita (constant 2010 US$),NY.GDP.PCAP.KD,2016 Jun,201606,479.70023335858,477.434179635687
Chad,TCD,GDP per capita (constant 2010 US$),NY.GDP.PCAP.KD,2016 Jun,201606,550.239727298835,501.138501878255
Channel Islands,CHI,GDP per capita (constant 2010 US$),NY.GDP.PCAP.KD,2016 Jun,201606,..,..
Chile,CHL,GDP per capita (constant 2010 US$),NY.GDP.PCAP.KD,2016 Jun,201606,2464.15155721617,2968.20165015426
China,CHN,GDP per capita (constant 2010 US$),NY.GDP.PCAP.KD,2016 Jun,201606,121.191584930721,144.503620249166
China and India,CNI,GDP per capita (constant 2010 US$),NY.GDP.PCAP.KD,2016 Jun,201606,..,..
Colombia,COL,GDP per capita (constant 2010 US$),NY.GDP.PCAP.KD,2016 Jun,201606,1410.75164401431,1759.23176679483
Comoros,COM,GDP per capita (constant 2010 US$),NY.GDP.PCAP.KD,2016 Jun,201606,..,..
Congo,COG,GDP per capita (constant 2010 US$),NY.GDP.PCAP.KD,2016 Jun,201606,956.970559939134,1090.09035580407
"Congo, Dem. Rep.",COD,GDP per capita (constant 2010 US$),NY.GDP.PCAP.KD,2016 Jun,201606,754.880030588275,775.150072311263
Costa Rica,CRI,GDP per capita (constant 2010 US$),NY.GDP.PCAP.KD,2016 Jun,201606,1843.77879542432,2392.77983807139
Cote d'Ivoire,CIV,GDP per capita (constant 2010 US$),NY.GDP.PCAP.KD,2016 Jun,201606,945.759160976868,1445.4997485673
Croatia,HRV,GDP per capita (constant 2010 US$),NY.GDP.PCAP.KD,2016 Jun,201606,..,..
Cuba,CUB,GDP per capita (constant 2010 US$),NY.GDP.PCAP.KD,2016 Jun,201606,..,1938.27828198338
Curacao,CUW,GDP per capita (constant 2010 US$),NY.GDP.PCAP.KD,2016 Jun,201606,..,..
Cyprus,CYP,GDP per capita (constant 2010 US$),NY.GDP.PCAP.KD,2016 Jun,201606,..,..
Czech Republic,CZE,GDP per capita (constant 2010 US$),NY.GDP.PCAP.KD,2016 Jun,201606,..,..
Czechoslovakia,CSK,GDP per capita (constant 2010 US$),NY.GDP.PCAP.KD,2016 Jun,201606,..,..
Dem. People's Rep. Korea,PRK,GDP per capita (constant 2010 US$),NY.GDP.PCAP.KD,2016 Jun,201606,..,..
Denmark,DNK,GDP per capita (constant 2010 US$),NY.GDP.PCAP.KD,2016 Jun,201606,17472.325786648,25145.4317132818
Djibouti,DJI,GDP per capita (constant 2010 US$),NY.GDP.PCAP.KD,2016 Jun,201606,..,..
Dominica,DMA,GDP per capita (constant 2010 US$),NY.GDP.PCAP.KD,2016 Jun,201606,..,..
Dominican Republic,DOM,GDP per capita (constant 2010 US$),NY.GDP.PCAP.KD,2016 Jun,201606,1092.20319110064,1400.63651830245
Ecuador,ECU,GDP per capita (constant 2010 US$),NY.GDP.PCAP.KD,2016 Jun,201606,1582.30884721112,1752.91450798275
Egypt,EGY,GDP per capita (constant 2010 US$),NY.GDP.PCAP.KD,2016 Jun,201606,..,441.147012677009
El Salvador,SLV,GDP per capita (constant 2010 US$),NY.GDP.PCAP.KD,2016 Jun,201606,..,2196.80949568533
Equatorial Guinea,GNQ,GDP per capita (constant 2010 US$),NY.GDP.PCAP.KD,2016 Jun,201606,..,..
Eritrea,ERI,GDP per capita (constant 2010 US$),NY.GDP.PCAP.KD,2016 Jun,201606,..,..
Estonia,EST,GDP per capita (constant 2010 US$),NY.GDP.PCAP.KD,2016 Jun,201606,..,..
Ethiopia,ETH,GDP per capita (constant 2010 US$),NY.GDP.PCAP.KD,2016 Jun,201606,..,..
Euro area,EMU,GDP per capita (constant 2010 US$),NY.GDP.PCAP.KD,2016 Jun,201606,9388.71750504833,15214.5412991933
Faeroe Islands,FRO,GDP per capita (constant 2010 US$),NY.GDP.PCAP.KD,2016 Jun,201606,..,..
Fiji,FJI,GDP per capita (constant 2010 US$),NY.GDP.PCAP.KD,2016 Jun,201606,1759.58111121831,2189.41237006766
Finland,FIN,GDP per capita (constant 2010 US$),NY.GDP.PCAP.KD,2016 Jun,201606,10478.6697239798,15787.4296453255
France,FRA,GDP per capita (constant 2010 US$),NY.GDP.PCAP.KD,2016 Jun,201606,11239.2787881373,17381.3503353975
French Guiana,GUF,GDP per capita (constant 2010 US$),NY.GDP.PCAP.KD,2016 Jun,201606,..,..
French Polynesia,PYF,GDP per capita (constant 2010 US$),NY.GDP.PCAP.KD,2016 Jun,201606,..,..
Gabon,GAB,GDP per capita (constant 2010 US$),NY.GDP.PCAP.KD,2016 Jun,201606,3044.16228339248,4999.5467261709
"Gambia, The",GMB,GDP per capita (constant 2010 US$),NY.GDP.PCAP.KD,2016 Jun,201606,..,378.415131863764
Georgia,GEO,GDP per capita (constant 2010 US$),NY.GDP.PCAP.KD,2016 Jun,201606,..,1752.9892453586
Germany,DEU,GDP per capita (constant 2010 US$),NY.GDP.PCAP.KD,2016 Jun,201606,..,17473.0396451367
Ghana,GHA,GDP per capita (constant 2010 US$),NY.GDP.PCAP.KD,2016 Jun,201606,481.61914896075,500.11480991128
Gibraltar,GIB,GDP per capita (constant 2010 US$),NY.GDP.PCAP.KD,2016 Jun,201606,..,..
Greece,GRC,GDP per capita (constant 2010 US$),NY.GDP.PCAP.KD,2016 Jun,201606,5520.08796538585,10904.15302045
Greenland,GRL,GDP per capita (constant 2010 US$),NY.GDP.PCAP.KD,2016 Jun,201606,..,14085.1538849517
Grenada,GRD,GDP per capita (constant 2010 US$),NY.GDP.PCAP.KD,2016 Jun,201606,..,..
Guadeloupe,GLP,GDP per capita (constant 2010 US$),NY.GDP.PCAP.KD,2016 Jun,201606,..,..
Guam,GUM,GDP per capita (constant 2010 US$),NY.GDP.PCAP.KD,2016 Jun,201606,..,..
Guatemala,GTM,GDP per capita (constant 2010 US$),NY.GDP.PCAP.KD,2016 Jun,201606,1174.4422441405,1527.27410940771
Guinea,GIN,GDP per capita (constant 2010 US$),NY.GDP.PCAP.KD,2016 Jun,201606,..,..
Guinea-Bissau,GNB,GDP per capita (constant 2010 US$),NY.GDP.PCAP.KD,2016 Jun,201606,..,397.240576681335
Guyana,GUY,GDP per capita (constant 2010 US$),NY.GDP.PCAP.KD,2016 Jun,201606,764.196867255402,876.469197431729
Haiti,HTI,GDP per capita (constant 2010 US$),NY.GDP.PCAP.KD,2016 Jun,201606,..,..
Honduras,HND,GDP per capita (constant 2010 US$),NY.GDP.PCAP.KD,2016 Jun,201606,813.40935226282,963.774261551638
"Hong Kong SAR, China",HKG,GDP per capita (constant 2010 US$),NY.GDP.PCAP.KD,2016 Jun,201606,..,5578.6427836427
Hungary,HUN,GDP per capita (constant 2010 US$),NY.GDP.PCAP.KD,2016 Jun,201606,..,..
Iceland,ISL,GDP per capita (constant 2010 US$),NY.GDP.PCAP.KD,2016 Jun,201606,15753.5965529187,21274.7017924464
IDA only,IDX,GDP per capita (constant 2010 US$),NY.GDP.PCAP.KD,2016 Jun,201606,..,..
India,IND,GDP per capita (constant 2010 US$),NY.GDP.PCAP.KD,2016 Jun,201606,228.304470153947,273.87972737977
Indonesia,IDN,GDP per capita (constant 2010 US$),NY.GDP.PCAP.KD,2016 Jun,201606,288.963669921559,330.277516700647
Iran,IRN,GDP per capita (constant 2010 US$),NY.GDP.PCAP.KD,2016 Jun,201606,1497.9302453035,3387.90511262525
Iraq,IRQ,GDP per capita (constant 2010 US$),NY.GDP.PCAP.KD,2016 Jun,201606,..,702.887213135924
Ireland,IRL,GDP per capita (constant 2010 US$),NY.GDP.PCAP.KD,2016 Jun,201606,..,12041.1443006818
Isle of Man,IMN,GDP per capita (constant 2010 US$),NY.GDP.PCAP.KD,2016 Jun,201606,..,..
Israel,ISR,GDP per capita (constant 2010 US$),NY.GDP.PCAP.KD,2016 Jun,201606,5894.97539425245,9754.18625586376
Italy,ITA,GDP per capita (constant 2010 US$),NY.GDP.PCAP.KD,2016 Jun,201606,9326.65767599884,15155.8256266754
Jamaica,JAM,GDP per capita (constant 2010 US$),NY.GDP.PCAP.KD,2016 Jun,201606,..,3809.55638821145
Japan,JPN,GDP per capita (constant 2010 US$),NY.GDP.PCAP.KD,2016 Jun,201606,7079.42640455296,15161.77221591
Jordan,JOR,GDP per capita (constant 2010 US$),NY.GDP.PCAP.KD,2016 Jun,201606,..,..
Kazakhstan,KAZ,GDP per capita (constant 2010 US$),NY.GDP.PCAP.KD,2016 Jun,201606,..,..
Kenya,KEN,GDP per capita (constant 2010 US$),NY.GDP.PCAP.KD,2016 Jun,201606,322.102943121707,359.56845254492
Kiribati,KIR,GDP per capita (constant 2010 US$),NY.GDP.PCAP.KD,2016 Jun,201606,..,1633.13810226416
Korea,KOR,GDP per capita (constant 2010 US$),NY.GDP.PCAP.KD,2016 Jun,201606,1106.7577536991,1967.86847044297
Kosovo,XKX,GDP per capita (constant 2010 US$),NY.GDP.PCAP.KD,2016 Jun,201606,..,..
Kuwait,KWT,GDP per capita (constant 2010 US$),NY.GDP.PCAP.KD,2016 Jun,201606,..,..
Kyrgyz Republic,KGZ,GDP per capita (constant 2010 US$),NY.GDP.PCAP.KD,2016 Jun,201606,..,..
Lao PDR,LAO,GDP per capita (constant 2010 US$),NY.GDP.PCAP.KD,2016 Jun,201606,..,..
Latin America & Caribbean,LAC,GDP per capita (constant 2010 US$),NY.GDP.PCAP.KD,2016 Jun,201606,1923.4535915482,2647.26560299426
Latvia,LVA,GDP per capita (constant 2010 US$),NY.GDP.PCAP.KD,2016 Jun,201606,..,..
Lebanon,LBN,GDP per capita (constant 2010 US$),NY.GDP.PCAP.KD,2016 Jun,201606,..,..
Lesotho,LSO,GDP per capita (constant 2010 US$),NY.GDP.PCAP.KD,2016 Jun,201606,197.376295318364,267.15875343278
Liberia,LBR,GDP per capita (constant 2010 US$),NY.GDP.PCAP.KD,2016 Jun,201606,767.595700580843,976.864857217965
Libya,LBY,GDP per capita (constant 2010 US$),NY.GDP.PCAP.KD,2016 Jun,201606,..,..
Liechtenstein,LIE,GDP per capita (constant 2010 US$),NY.GDP.PCAP.KD,2016 Jun,201606,..,46366.656504346
Lithuania,LTU,GDP per capita (constant 2010 US$),NY.GDP.PCAP.KD,2016 Jun,201606,..,..
Low income,LIC,GDP per capita (constant 2010 US$),NY.GDP.PCAP.KD,2016 Jun,201606,..,..
Luxembourg,LUX,GDP per capita (constant 2010 US$),NY.GDP.PCAP.KD,2016 Jun,201606,21613.5814933117,27550.1876692366
"Macao SAR, China",MAC,GDP per capita (constant 2010 US$),NY.GDP.PCAP.KD,2016 Jun,201606,..,..
Madagascar,MDG,GDP per capita (constant 2010 US$),NY.GDP.PCAP.KD,2016 Jun,201606,475.498701328179,495.71197017824
Malawi,MWI,GDP per capita (constant 2010 US$),NY.GDP.PCAP.KD,2016 Jun,201606,138.111030837989,171.519661439199
Malaysia,MYS,GDP per capita (constant 2010 US$),NY.GDP.PCAP.KD,2016 Jun,201606,986.483930890057,1383.28818545931
Maldives,MDV,GDP per capita (constant 2010 US$),NY.GDP.PCAP.KD,2016 Jun,201606,..,..
Mali,MLI,GDP per capita (constant 2010 US$),NY.GDP.PCAP.KD,2016 Jun,201606,..,247.019283558994
Malta,MLT,GDP per capita (constant 2010 US$),NY.GDP.PCAP.KD,2016 Jun,201606,..,3003.48489630419
Marshall Islands,MHL,GDP per capita (constant 2010 US$),NY.GDP.PCAP.KD,2016 Jun,201606,..,..
Martinique,MTQ,GDP per capita (constant 2010 US$),NY.GDP.PCAP.KD,2016 Jun,201606,..,..
Mauritania,MRT,GDP per capita (constant 2010 US$),NY.GDP.PCAP.KD,2016 Jun,201606,509.580065141315,835.057298486472
Mauritius,MUS,GDP per capita (constant 2010 US$),NY.GDP.PCAP.KD,2016 Jun,201606,..,..
Mayotte,MYT,GDP per capita (constant 2010 US$),NY.GDP.PCAP.KD,2016 Jun,201606,..,..
Mexico,MEX,GDP per capita (constant 2010 US$),NY.GDP.PCAP.KD,2016 Jun,201606,3342.48764739394,4726.58546040013
Micronesia,FSM,GDP per capita (constant 2010 US$),NY.GDP.PCAP.KD,2016 Jun,201606,..,..
Moldova,MDA,GDP per capita (constant 2010 US$),NY.GDP.PCAP.KD,2016 Jun,201606,..,..
Monaco,MCO,GDP per capita (constant 2010 US$),NY.GDP.PCAP.KD,2016 Jun,201606,..,75504.6930239041
Mongolia,MNG,GDP per capita (constant 2010 US$),NY.GDP.PCAP.KD,2016 Jun,201606,..,..
Montenegro,MNE,GDP per capita (constant 2010 US$),NY.GDP.PCAP.KD,2016 Jun,201606,..,..
Morocco,MAR,GDP per capita (constant 2010 US$),NY.GDP.PCAP.KD,2016 Jun,201606,..,839.440113310237
Mozambique,MOZ,GDP per capita (constant 2010 US$),NY.GDP.PCAP.KD,2016 Jun,201606,..,..
Myanmar,MMR,GDP per capita (constant 2010 US$),NY.GDP.PCAP.KD,2016 Jun,201606,..,..
Namibia,NAM,GDP per capita (constant 2010 US$),NY.GDP.PCAP.KD,2016 Jun,201606,..,..
Nauru,NRU,GDP per capita (constant 2010 US$),NY.GDP.PCAP.KD,2016 Jun,201606,..,..
Nepal,NPL,GDP per capita (constant 2010 US$),NY.GDP.PCAP.KD,2016 Jun,201606,168.718823359962,180.878406023803
Netherlands,NLD,GDP per capita (constant 2010 US$),NY.GDP.PCAP.KD,2016 Jun,201606,14134.4721860875,21061.0252391962
Netherlands Antilles,ANT,GDP per capita (constant 2010 US$),NY.GDP.PCAP.KD,2016 Jun,201606,..,..
New Caledonia,NCL,GDP per capita (constant 2010 US$),NY.GDP.PCAP.KD,2016 Jun,201606,..,..
New Zealand,NZL,GDP per capita (constant 2010 US$),NY.GDP.PCAP.KD,2016 Jun,201606,..,..
Nicaragua,NIC,GDP per capita (constant 2010 US$),NY.GDP.PCAP.KD,2016 Jun,201606,1256.02617735549,1790.36588410751
Niger,NER,GDP per capita (constant 2010 US$),NY.GDP.PCAP.KD,2016 Jun,201606,468.224669372042,465.608428200365
Nigeria,NGA,GDP per capita (constant 2010 US$),NY.GDP.PCAP.KD,2016 Jun,201606,559.194583819171,694.499980352987
North America,NAC,GDP per capita (constant 2010 US$),NY.GDP.PCAP.KD,2016 Jun,201606,15312.2394096211,20962.3357840628
North Macedonia,MKD,GDP per capita (constant 2010 US$),NY.GDP.PCAP.KD,2016 Jun,201606,..,..
Northern Mariana Islands,MNP,GDP per capita (constant 2010 US$),NY.GDP.PCAP.KD,2016 Jun,201606,..,..
Norway,NOR,GDP per capita (constant 2010 US$),NY.GDP.PCAP.KD,2016 Jun,201606,17483.7170407879,24347.8439330946
Oman,OMN,GDP per capita (constant 2010 US$),NY.GDP.PCAP.KD,2016 Jun,201606,507.138475651002,6485.56128194093
Other small states,OSS,GDP per capita (constant 2010 US$),NY.GDP.PCAP.KD,2016 Jun,201606,..,..
Pakistan,PAK,GDP per capita (constant 2010 US$),NY.GDP.PCAP.KD,2016 Jun,201606,222.439428842564,345.353841092156
Palau,PLW,GDP per capita (constant 2010 US$),NY.GDP.PCAP.KD,2016 Jun,201606,..,..
Panama,PAN,GDP per capita (constant 2010 US$),NY.GDP.PCAP.KD,2016 Jun,201606,1836.06094376955,2928.95237927511
Papua New Guinea,PNG,GDP per capita (constant 2010 US$),NY.GDP.PCAP.KD,2016 Jun,201606,528.400499002999,828.544943764915
Paraguay,PRY,GDP per capita (constant 2010 US$),NY.GDP.PCAP.KD,2016 Jun,201606,570.760941129208,722.221918840666
Peru,PER,GDP per capita (constant 2010 US$),NY.GDP.PCAP.KD,2016 Jun,201606,1851.77173870198,2337.0205897601
Philippines,PHL,GDP per capita (constant 2010 US$),NY.GDP.PCAP.KD,2016 Jun,201606,696.020188274492,825.891032358865
Poland,POL,GDP per capita (constant 2010 US$),NY.GDP.PCAP.KD,2016 Jun,201606,..,..
Portugal,PRT,GDP per capita (constant 2010 US$),NY.GDP.PCAP.KD,2016 Jun,201606,3846.7028827825,7486.99543255059
Pre-demographic dividend,PRE,GDP per capita (constant 2010 US$),NY.GDP.PCAP.KD,2016 Jun,201606,..,..
Puerto Rico,PRI,GDP per capita (constant 2010 US$),NY.GDP.PCAP.KD,2016 Jun,201606,4724.78606779861,8597.21469141426
Qatar,QAT,GDP per capita (constant 2010 US$),NY.GDP.PCAP.KD,2016 Jun,201606,..,..
Reunion,REU,GDP per capita (constant 2010 US$),NY.GDP.PCAP.KD,2016 Jun,201606,..,..
Romania,ROU,GDP per capita (constant 2010 US$),NY.GDP.PCAP.KD,2016 Jun,201606,..,..
Russia,RUS,GDP per capita (constant 2010 US$),NY.GDP.PCAP.KD,2016 Jun,201606,..,..
Rwanda,RWA,GDP per capita (constant 2010 US$),NY.GDP.PCAP.KD,2016 Jun,201606,220.987251969111,223.878858707331
Samoa,WSM,GDP per capita (constant 2010 US$),NY.GDP.PCAP.KD,2016 Jun,201606,..,..
San Marino,SMR,GDP per capita (constant 2010 US$),NY.GDP.PCAP.KD,2016 Jun,201606,..,19789.7949428636
Sao Tome and Principe,STP,GDP per capita (constant 2010 US$),NY.GDP.PCAP.KD,2016 Jun,201606,..,..
Saudi Arabia,SAU,GDP per capita (constant 2010 US$),NY.GDP.PCAP.KD,2016 Jun,201606,..,12213.7381252561
Senegal,SEN,GDP per capita (constant 2010 US$),NY.GDP.PCAP.KD,2016 Jun,201606,872.052259633967,793.984385825152
Serbia,SRB,GDP per capita (constant 2010 US$),NY.GDP.PCAP.KD,2016 Jun,201606,..,..
Serbia and Montenegro,YUG,GDP per capita (constant 2010 US$),NY.GDP.PCAP.KD,2016 Jun,201606,..,..
Seychelles,SYC,GDP per capita (constant 2010 US$),NY.GDP.PCAP.KD,2016 Jun,201606,3321.36415785719,4122.12347121786
Sierra Leone,SLE,GDP per capita (constant 2010 US$),NY.GDP.PCAP.KD,2016 Jun,201606,326.628479434009,429.21618294627
Singapore,SGP,GDP per capita (constant 2010 US$),NY.GDP.PCAP.KD,2016 Jun,201606,2529.85706185511,4856.57243853798
Sint Maarten (Dutch part),SXM,GDP per capita (constant 2010 US$),NY.GDP.PCAP.KD,2016 Jun,201606,..,..
Slovak Republic,SVK,GDP per capita (constant 2010 US$),NY.GDP.PCAP.KD,2016 Jun,201606,..,..
Slovenia,SVN,GDP per capita (constant 2010 US$),NY.GDP.PCAP.KD,2016 Jun,201606,..,..
Small states,SST,GDP per capita (constant 2010 US$),NY.GDP.PCAP.KD,2016 Jun,201606,..,..
Solomon Islands,SLB,GDP per capita (constant 2010 US$),NY.GDP.PCAP.KD,2016 Jun,201606,..,..
Somalia,SOM,GDP per capita (constant 2010 US$),NY.GDP.PCAP.KD,2016 Jun,201606,..,..
South Africa,ZAF,GDP per capita (constant 2010 US$),NY.GDP.PCAP.KD,2016 Jun,201606,3543.53694814638,4991.17723654303
South Asia,SAS,GDP per capita (constant 2010 US$),NY.GDP.PCAP.KD,2016 Jun,201606,232.778377332076,283.373130199167
South Sudan,SSD,GDP per capita (constant 2010 US$),NY.GDP.PCAP.KD,2016 Jun,201606,..,..
Spain,ESP,GDP per capita (constant 2010 US$),NY.GDP.PCAP.KD,2016 Jun,201606,6271.85705712637,11540.7803427695
Sri Lanka,LKA,GDP per capita (constant 2010 US$),NY.GDP.PCAP.KD,2016 Jun,201606,..,416.351423057455
St. Kitts and Nevis,KNA,GDP per capita (constant 2010 US$),NY.GDP.PCAP.KD,2016 Jun,201606,..,..
St. Lucia,LCA,GDP per capita (constant 2010 US$),NY.GDP.PCAP.KD,2016 Jun,201606,..,..
St. Martin (French part),MAF,GDP per capita (constant 2010 US$),NY.GDP.PCAP.KD,2016 Jun,201606,..,..
St. Vincent and the Grenadines,VCT,GDP per capita (constant 2010 US$),NY.GDP.PCAP.KD,2016 Jun,201606,1515.48192936079,1581.89899919673
Sub-Saharan Africa (all income levels),SSF,GDP per capita (constant 2010 US$),NY.GDP.PCAP.KD,2016 Jun,201606,707.403947320562,892.217966996461
Sudan,SDN,GDP per capita (constant 2010 US$),NY.GDP.PCAP.KD,2016 Jun,201606,507.973684025297,450.677396351861
Suriname,SUR,GDP per capita (constant 2010 US$),NY.GDP.PCAP.KD,2016 Jun,201606,..,..
Swaziland,SWZ,GDP per capita (constant 2010 US$),NY.GDP.PCAP.KD,2016 Jun,201606,..,880.629280216048
Sweden,SWE,GDP per capita (constant 2010 US$),NY.GDP.PCAP.KD,2016 Jun,201606,15635.04029712,22806.2495981481
Switzerland,CHE,GDP per capita (constant 2010 US$),NY.GDP.PCAP.KD,2016 Jun,201606,..,..
Syrian Arab Republic,SYR,GDP per capita (constant 2010 US$),NY.GDP.PCAP.KD,2016 Jun,201606,563.06506953272,676.822915151861
"Taiwan, China",TWN,GDP per capita (constant 2010 US$),NY.GDP.PCAP.KD,2016 Jun,201606,..,..
Tajikistan,TJK,GDP per capita (constant 2010 US$),NY.GDP.PCAP.KD,2016 Jun,201606,..,..
Tanzania,TZA,GDP per capita (constant 2010 US$),NY.GDP.PCAP.KD,2016 Jun,201606,..,..
Thailand,THA,GDP per capita (constant 2010 US$),NY.GDP.PCAP.KD,2016 Jun,201606,380.853300967859,619.846670715364
Timor-Leste,TLS,GDP per capita (constant 2010 US$),NY.GDP.PCAP.KD,2016 Jun,201606,..,..
Togo,TGO,GDP per capita (constant 2010 US$),NY.GDP.PCAP.KD,2016 Jun,201606,272.528401579266,452.320246263803
Tonga,TON,GDP per capita (constant 2010 US$),NY.GDP.PCAP.KD,2016 Jun,201606,..,..
Trinidad and Tobago,TTO,GDP per capita (constant 2010 US$),NY.GDP.PCAP.KD,2016 Jun,201606,4402.36429916542,6291.69370895879
Tunisia,TUN,GDP per capita (constant 2010 US$),NY.GDP.PCAP.KD,2016 Jun,201606,..,1132.44356593025
Turkey,TUR,GDP per capita (constant 2010 US$),NY.GDP.PCAP.KD,2016 Jun,201606,2345.64432426872,3137.05122043044
Turkmenistan,TKM,GDP per capita (constant 2010 US$),NY.GDP.PCAP.KD,2016 Jun,201606,..,..
Turks and Caicos Islands,TCA,GDP per capita (constant 2010 US$),NY.GDP.PCAP.KD,2016 Jun,201606,..,..
Tuvalu,TUV,GDP per capita (constant 2010 US$),NY.GDP.PCAP.KD,2016 Jun,201606,..,..
Uganda,UGA,GDP per capita (constant 2010 US$),NY.GDP.PCAP.KD,2016 Jun,201606,..,..
Ukraine,UKR,GDP per capita (constant 2010 US$),NY.GDP.PCAP.KD,2016 Jun,201606,..,..
United Arab Emirates,ARE,GDP per capita (constant 2010 US$),NY.GDP.PCAP.KD,2016 Jun,201606,..,..
United Kingdom,GBR,GDP per capita (constant 2010 US$),NY.GDP.PCAP.KD,2016 Jun,201606,14233.7190232494,17780.8222901279
United States,USA,GDP per capita (constant 2010 US$),NY.GDP.PCAP.KD,2016 Jun,201606,15482.707759617,21183.2177948312
Uruguay,URY,GDP per capita (constant 2010 US$),NY.GDP.PCAP.KD,2016 Jun,201606,3151.96045377981,3264.80398295733
Uzbekistan,UZB,GDP per capita (constant 2010 US$),NY.GDP.PCAP.KD,2016 Jun,201606,..,..
Vanuatu,VUT,GDP per capita (constant 2010 US$),NY.GDP.PCAP.KD,2016 Jun,201606,..,..
Venezuela,VEN,GDP per capita (constant 2010 US$),NY.GDP.PCAP.KD,2016 Jun,201606,5526.76388262078,6361.32561360561
Vietnam,VNM,GDP per capita (constant 2010 US$),NY.GDP.PCAP.KD,2016 Jun,201606,..,..
Virgin Islands,VIR,GDP per capita (constant 2010 US$),NY.GDP.PCAP.KD,2016 Jun,201606,..,..
West Bank and Gaza,PSE,GDP per capita (constant 2010 US$),NY.GDP.PCAP.KD,2016 Jun,201606,..,..
Yemen,YEM,GDP per capita (constant 2010 US$),NY.GDP.PCAP.KD,2016 Jun,201606,..,..
"Yemen, PDR",YMD,GDP per capita (constant 2010 US$),NY.GDP.PCAP.KD,2016 Jun,201606,..,..
Zambia,ZMB,GDP per capita (constant 2010 US$),NY.GDP.PCAP.KD,2016 Jun,201606,939.934975445494,985.084527837567
Zimbabwe,ZWE,GDP per capita (constant 2010 US$),NY.GDP.PCAP.KD,2016 Jun,201606,491.211279856559,650.583090802517
,,,,,,,
,,,,,,,
,,,,,,,
Data from database: WDI Database Archives,,,,,,,
Last Updated: 11/05/2021,,,,,,,
